{
    "buildings": {
        "o1b1": {
            "buildingCode": "o1b1",
            "name": "Building 1",
            "groundFloorHeight": 20,
            "floorHeight": 15,
            "option": 1,
            "floorCount": 16,
            "totalHeight": 245
        },
        "o1b3": {
            "buildingCode": "o1b3",
            "name": "Building 1 (Copy)",
            "groundFloorHeight": 30,
            "floorHeight": 25,
            "option": 1,
            "floorCount": 5,
            "totalHeight": 130
        }
    },
    "floors": [
        {
            "xycoordinates": [
                [
                    -50.64412292609418,
                    14.568996081112461
                ],
                [
                    -16.364763677779962,
                    -9.792190690887276
                ],
                [
                    -64.09559912947286,
                    -9.294839932183153
                ]
            ],
            "floorNumber": 1,
            "zOffset": 0,
            "massHeight": 30,
            "buildingCode": "o1b3",
            "buildingName": "Building 1 (Copy)",
            "option": 1,
            "program": ""
        },
        {
            "xycoordinates": [
                [
                    -0.3660590492706135,
                    -4.24633579894836
                ],
                [
                    33.72622618610581,
                    -33.44848453686365
                ],
                [
                    -9.46023792245194,
                    -63.89882048987276
                ],
                [
                    -32.68685148378957,
                    -32.10147974715578
                ]
            ],
            "floorNumber": 1,
            "zOffset": 0,
            "massHeight": 30,
            "buildingCode": "o1b3",
            "buildingName": "Building 1 (Copy)",
            "option": 1,
            "program": ""
        },
        {
            "xycoordinates": [
                [
                    -50.64412292609418,
                    14.568996081112461
                ],
                [
                    -16.364763677779962,
                    -9.792190690887276
                ],
                [
                    -64.09559912947286,
                    -9.294839932183153
                ]
            ],
            "floorNumber": 2,
            "zOffset": 30,
            "massHeight": 25,
            "buildingCode": "o1b3",
            "buildingName": "Building 1 (Copy)",
            "option": 1,
            "program": ""
        },
        {
            "xycoordinates": [
                [
                    -0.3660590492706135,
                    -4.24633579894836
                ],
                [
                    33.72622618610581,
                    -33.44848453686365
                ],
                [
                    -9.46023792245194,
                    -63.89882048987276
                ],
                [
                    -32.68685148378957,
                    -32.10147974715578
                ]
            ],
            "floorNumber": 2,
            "zOffset": 30,
            "massHeight": 25,
            "buildingCode": "o1b3",
            "buildingName": "Building 1 (Copy)",
            "option": 1,
            "program": ""
        },
        {
            "xycoordinates": [
                [
                    -50.64412292609418,
                    14.568996081112461
                ],
                [
                    -16.364763677779962,
                    -9.792190690887276
                ],
                [
                    -64.09559912947286,
                    -9.294839932183153
                ]
            ],
            "floorNumber": 3,
            "zOffset": 55,
            "massHeight": 25,
            "buildingCode": "o1b3",
            "buildingName": "Building 1 (Copy)",
            "option": 1,
            "program": ""
        },
        {
            "xycoordinates": [
                [
                    -0.3660590492706135,
                    -4.24633579894836
                ],
                [
                    33.72622618610581,
                    -33.44848453686365
                ],
                [
                    -9.46023792245194,
                    -63.89882048987276
                ],
                [
                    -32.68685148378957,
                    -32.10147974715578
                ]
            ],
            "floorNumber": 3,
            "zOffset": 55,
            "massHeight": 25,
            "buildingCode": "o1b3",
            "buildingName": "Building 1 (Copy)",
            "option": 1,
            "program": ""
        },
        {
            "xycoordinates": [
                [
                    -50.64412292609418,
                    14.568996081112461
                ],
                [
                    -16.364763677779962,
                    -9.792190690887276
                ],
                [
                    -64.09559912947286,
                    -9.294839932183153
                ]
            ],
            "floorNumber": 4,
            "zOffset": 80,
            "massHeight": 25,
            "buildingCode": "o1b3",
            "buildingName": "Building 1 (Copy)",
            "option": 1,
            "program": ""
        },
        {
            "xycoordinates": [
                [
                    -0.3660590492706135,
                    -4.24633579894836
                ],
                [
                    33.72622618610581,
                    -33.44848453686365
                ],
                [
                    -9.46023792245194,
                    -63.89882048987276
                ],
                [
                    -32.68685148378957,
                    -32.10147974715578
                ]
            ],
            "floorNumber": 4,
            "zOffset": 80,
            "massHeight": 25,
            "buildingCode": "o1b3",
            "buildingName": "Building 1 (Copy)",
            "option": 1,
            "program": ""
        },
        {
            "xycoordinates": [
                [
                    -50.64412292609418,
                    14.568996081112461
                ],
                [
                    -16.364763677779962,
                    -9.792190690887276
                ],
                [
                    -64.09559912947286,
                    -9.294839932183153
                ]
            ],
            "floorNumber": 5,
            "zOffset": 105,
            "massHeight": 25,
            "buildingCode": "o1b3",
            "buildingName": "Building 1 (Copy)",
            "option": 1,
            "program": "Lobby"
        },
        {
            "xycoordinates": [
                [
                    -0.3660590492706135,
                    -4.24633579894836
                ],
                [
                    33.72622618610581,
                    -33.44848453686365
                ],
                [
                    -9.46023792245194,
                    -63.89882048987276
                ],
                [
                    -32.68685148378957,
                    -32.10147974715578
                ]
            ],
            "floorNumber": 5,
            "zOffset": 105,
            "massHeight": 25,
            "buildingCode": "o1b3",
            "buildingName": "Building 1 (Copy)",
            "option": 1,
            "program": ""
        }
    ],
    "walls": [
        {
            "zOffset": 0,
            "zOffsetEnd": 105,
            "xycoordinates": [
                [
                    -50.64412292609418,
                    14.568996081112461
                ],
                [
                    -16.364763677779962,
                    -9.792190690887276
                ],
                [
                    -64.09559912947286,
                    -9.294839932183153
                ]
            ],